District,State,Zone,Regime,Raw NWP Max (mm),AI Corrected Max (mm),Delta Correction (mm),Observed Mean (mm),P10 (mm),P50 (mm),P90 (mm),P(Heavy >=64.5mm),P(Very Heavy >=115.6mm),P(Extreme >=204.5mm),Rainfall Category
"Mumbai City","Maharashtra","West Coast","normal_monsoon",6.0,5.3,0.5,2.6,0.8,3.5,8.6,0.3%,0.1%,0.0%,"Light"
"Ratnagiri","Maharashtra","West Coast","coastal_rainfall",19.2,19.1,1.7,16.5,0.8,3.0,9.9,0.2%,0.1%,0.0%,"Moderate"
"Pune","Maharashtra","Western Ghats Leeward","normal_monsoon",10.8,15.9,4.7,14.8,0.8,3.6,7.8,0.3%,0.1%,0.0%,"Moderate"
"Wayanad","Kerala","Western Ghats Windward","normal_monsoon",8.6,13.0,2.8,4.4,3.5,4.5,11.3,0.2%,0.1%,0.0%,"Light"
"Kozhikode","Kerala","West Coast","normal_monsoon",8.6,13.0,2.8,4.4,0.8,2.8,6.9,0.2%,0.1%,0.0%,"Light"
"Udupi","Karnataka","West Coast","coastal_rainfall",24.7,25.4,0.3,23.9,4.4,5.3,12.3,0.2%,0.1%,0.0%,"Moderate"
"Uttara Kannada","Karnataka","West Coast","coastal_rainfall",20.4,21.5,0.7,23.1,14.8,18.7,24.0,0.2%,0.1%,0.0%,"Moderate"
"Nagpur","Maharashtra","Central India","normal_monsoon",6.5,0.2,-4.8,0.4,13.8,18.9,23.9,0.2%,0.1%,0.0%,"No Rain"
"Raipur","Chhattisgarh","Central India","normal_monsoon",13.3,0.3,-10.8,0.0,13.8,18.9,22.4,0.2%,0.1%,0.0%,"No Rain"
"Jabalpur","Madhya Pradesh","Central India","normal_monsoon",19.5,8.5,-12.6,4.6,15.6,19.1,24.0,0.2%,0.1%,0.0%,"Light"
"Bhopal","Madhya Pradesh","Central India","normal_monsoon",11.3,0.3,-9.2,0.0,10.1,16.2,19.8,0.2%,0.1%,0.0%,"No Rain"
"Sambalpur","Odisha","East Central India","normal_monsoon",11.1,0.2,-8.2,0.3,12.0,16.2,19.0,0.2%,0.1%,0.0%,"No Rain"
"Cuttack","Odisha","East Coast","break_monsoon",3.7,0.0,-1.4,0.2,5.7,12.8,16.8,0.2%,0.1%,0.0%,"No Rain"
"Balasore","Odisha","East Coast","normal_monsoon",1.4,0.1,-0.4,0.0,5.8,13.0,16.8,0.2%,0.1%,0.0%,"No Rain"
"Ranchi","Jharkhand","East Central India","normal_monsoon",7.7,0.2,-5.8,0.0,5.7,12.7,16.8,0.2%,0.1%,0.0%,"No Rain"
"East Khasi Hills","Meghalaya","Northeast Hills","normal_monsoon",31.0,47.8,8.4,20.9,6.6,15.9,18.0,0.3%,0.1%,0.0%,"Moderate"
"Kamrup","Assam","Brahmaputra Valley","normal_monsoon",31.0,47.8,8.4,20.9,6.2,13.2,16.8,0.3%,0.1%,0.0%,"Moderate"
"Dibrugarh","Assam","Brahmaputra Valley","normal_monsoon",4.5,1.7,-0.9,0.0,6.1,14.7,19.6,0.2%,0.1%,0.0%,"No Rain"
"Kolkata","West Bengal","Gangetic West Bengal","normal_monsoon",3.5,1.0,-0.8,0.0,3.5,7.8,13.3,0.2%,0.1%,0.0%,"No Rain"
"Darjeeling","West Bengal","Sub-Himalayan West Bengal","normal_monsoon",83.1,108.4,26.0,118.9,3.6,7.9,12.1,80.6%,11.4%,0.0%,"Heavy"
"Dehradun","Uttarakhand","Western Himalayan Foothills","orographic_rainfall",42.9,48.6,3.3,44.5,5.4,12.0,17.0,17.1%,0.1%,0.0%,"Moderate"
"Shimla","Himachal Pradesh","Western Himalayas","normal_monsoon",4.3,0.6,-2.3,0.0,3.4,7.5,12.1,0.2%,0.1%,0.0%,"No Rain"
"New Delhi","Delhi","Northern Plains","normal_monsoon",11.1,0.3,-9.7,0.0,4.3,9.5,13.4,0.2%,0.1%,0.0%,"No Rain"
"Lucknow","Uttar Pradesh","East Uttar Pradesh","normal_monsoon",3.1,0.2,-0.8,0.0,6.2,13.0,17.0,0.2%,0.1%,0.0%,"No Rain"
"Varanasi","Uttar Pradesh","East Uttar Pradesh","break_monsoon",2.2,0.2,-0.6,0.0,0.8,2.6,8.1,0.2%,0.1%,0.0%,"No Rain"
"Patna","Bihar","Bihar Plains","normal_monsoon",9.8,0.2,-6.9,0.0,0.8,3.4,8.1,0.2%,0.1%,0.0%,"No Rain"
"Ahmedabad","Gujarat","Gujarat Plains","normal_monsoon",15.0,0.6,-12.6,0.0,0.8,2.5,6.5,0.2%,0.1%,0.0%,"No Rain"
"Surat","Gujarat","Gujarat Coast","normal_monsoon",2.7,0.3,-0.7,0.0,0.8,2.7,6.6,0.2%,0.1%,0.0%,"No Rain"
"Jaipur","Rajasthan","East Rajasthan","normal_monsoon",4.0,0.3,-2.0,0.6,0.8,2.6,6.6,0.2%,0.1%,0.0%,"No Rain"
"Jodhpur","Rajasthan","West Rajasthan","normal_monsoon",3.5,0.2,-1.3,0.1,0.8,2.9,6.6,0.2%,0.1%,0.0%,"No Rain"
"Bengaluru Urban","Karnataka","South Interior Karnataka","normal_monsoon",1.4,0.1,-0.4,0.0,17.3,21.0,28.6,0.2%,0.1%,0.0%,"No Rain"
"Hyderabad","Telangana","Telangana Plateau","normal_monsoon",7.6,2.4,-3.3,0.0,18.5,22.6,29.5,0.2%,0.1%,0.0%,"No Rain"
"Visakhapatnam","Andhra Pradesh","Coastal Andhra","normal_monsoon",3.9,0.9,-1.2,0.0,17.3,22.7,29.5,0.2%,0.1%,0.0%,"No Rain"
"Chennai","Tamil Nadu","Tamil Nadu Coast","normal_monsoon",1.6,0.2,-0.4,0.0,19.5,22.8,30.2,0.2%,0.1%,0.0%,"No Rain"
"Coimbatore","Tamil Nadu","Tamil Nadu Interior","normal_monsoon",3.0,0.6,-0.6,0.0,19.9,25.4,32.9,0.2%,0.1%,0.0%,"No Rain"
